"year","season","mse_kde","mse_gumbel","mse_egpd","egpd_ok","winner"
2000,"winter",0.000223430787308697,0.00460349549433795,0.000509661218138586,TRUE,"KDE"
2000,"spring",0.000327529182101693,0.00503166987540782,0.000309893388394314,TRUE,"EGPD"
2000,"summer",0.000140558322392152,0.00366513008474442,0.0001995288831334,TRUE,"KDE"
2000,"autumn",0.00047334296142,0.0055687864551621,0.000369305859103776,TRUE,"EGPD"
2001,"winter",0.000175055462658049,0.00514662906133729,0.00062129769603059,TRUE,"KDE"
2001,"spring",0.000219060095739392,0.00534534985760401,0.000581833347740888,TRUE,"KDE"
2001,"summer",0.000137293035479632,0.00334280134894089,0.00017224079251141,TRUE,"KDE"
2001,"autumn",0.000179523034222703,0.00438601990189892,0.000399849449402079,TRUE,"KDE"
2002,"winter",0.000279990475319941,0.0052065147736237,0.000279864979978969,TRUE,"EGPD"
2002,"spring",0.000360561660730962,0.00477145602367164,0.000380018621728632,TRUE,"KDE"
2002,"summer",0.000108668270449158,0.00362737252351635,6.6188786690717e-05,TRUE,"EGPD"
2002,"autumn",0.00013249029054187,0.00422809327620403,0.000286489666762555,TRUE,"KDE"
2003,"winter",0.000214382183746336,0.00571822114203733,0.000602690975681937,TRUE,"KDE"
2003,"spring",0.000189952298190235,0.00485619196452644,0.000517158216533033,TRUE,"KDE"
2003,"summer",7.16751661922413e-05,0.00461132661397821,7.36570892923177e-05,TRUE,"KDE"
2003,"autumn",0.000208279521213987,0.00456316997722279,0.000343502163953425,TRUE,"KDE"
2004,"winter",0.000283315129755606,0.00458836145124717,0.000327208969513732,TRUE,"KDE"
2004,"spring",0.000304197560470127,0.00495547072920764,0.000437964763724487,TRUE,"KDE"
2004,"summer",0.000155039481804757,0.00428662360312107,0.000103350387930084,TRUE,"EGPD"
2004,"autumn",0.000242256980368828,0.00479017645687091,0.000473775419393219,TRUE,"KDE"
2005,"winter",0.000125974433346323,0.00509574001278071,0.000541644910687587,TRUE,"KDE"
2005,"spring",0.000114787316592171,0.00349325121434852,0.000271802074100901,TRUE,"KDE"
2005,"summer",0.000170769968926459,0.00375060229209128,0.000183585071335494,TRUE,"KDE"
2005,"autumn",0.000233214755244958,0.00294281383409419,0.000179492148161907,TRUE,"EGPD"
2006,"winter",0.0001755729206193,0.0036522650881432,0.000397567340623722,TRUE,"KDE"
2006,"spring",0.000260949015483685,0.00442084316079373,0.000627997007261826,TRUE,"KDE"
2006,"summer",9.02752029130292e-05,0.0051809796243168,8.42453754060416e-05,TRUE,"EGPD"
2006,"autumn",0.000196493737200763,0.00355911987589153,0.000274730576053951,TRUE,"KDE"
2007,"winter",0.000149151489039873,0.00420161286823051,0.000234762029483237,TRUE,"KDE"
2007,"spring",0.00020885585864015,0.00345116429723193,0.000165232101585595,TRUE,"EGPD"
2007,"summer",0.000136592089497121,0.0031315935180992,6.97797242402717e-05,TRUE,"EGPD"
2007,"autumn",0.000265120628287443,0.00548123878419149,0.000363855062915558,TRUE,"KDE"
2008,"winter",0.000348559538270238,0.00543148713304439,0.000348830541759406,TRUE,"KDE"
2008,"spring",0.000240786030976177,0.00384990424050279,0.000250468211976149,TRUE,"KDE"
2008,"summer",0.000246986666666667,0.00277200327111111,0.000139094151111111,TRUE,"EGPD"
2008,"autumn",0.000138182400200086,0.00288650435071012,0.000203294061516859,TRUE,"KDE"
2009,"winter",0.00014748172770465,0.00368094860080295,0.000232697240053893,TRUE,"KDE"
2009,"spring",0.00049427321799308,0.00432989755940023,0.000354796721261053,TRUE,"EGPD"
2009,"summer",0.000185835493714354,0.00294619219032886,0.000193474870164642,TRUE,"KDE"
2009,"autumn",0.000210836652604904,0.00452665625186695,0.000158298624764931,TRUE,"EGPD"
2010,"winter",0.000277742310918052,0.00334306250894395,0.000249168878124949,TRUE,"EGPD"
2010,"spring",0.000196545210441034,0.00376937657166978,0.000128036611701911,TRUE,"EGPD"
2010,"summer",0.000157003188097768,0.00623596781862061,0.000220148393923755,TRUE,"KDE"
2010,"autumn",0.000209329142963228,0.00423327012881689,0.000547561970925643,TRUE,"KDE"
2011,"winter",0.000217952949145982,0.00352119964516701,0.000191348991145304,TRUE,"EGPD"
2011,"spring",0.000152096710032365,0.0034522749642482,0.000341923236094239,TRUE,"KDE"
2011,"summer",0.000240621076436484,0.00472112974627845,0.000209007861794559,TRUE,"EGPD"
2011,"autumn",0.000181842574648659,0.00418699495756515,0.000497358759085593,TRUE,"KDE"
2012,"winter",0.000191863695265219,0.00540448201637593,0.000407598536133855,TRUE,"KDE"
2012,"spring",0.000148679240036519,0.00346077335029968,0.000228439760308413,TRUE,"KDE"
2012,"summer",0.000189410006741589,0.00299215242013766,7.73895920064682e-05,TRUE,"EGPD"
2012,"autumn",0.000304397205908539,0.00467118265913532,0.000600550167048682,TRUE,"KDE"
2013,"winter",0.00019572566718565,0.00475109658019385,0.000627030530459191,TRUE,"KDE"
2013,"spring",0.000359956168303154,0.00388491279068604,0.000388941218077895,TRUE,"KDE"
2013,"summer",9.3778901337419e-05,0.00436448793130965,0.000146457633502506,TRUE,"KDE"
2013,"autumn",0.000254524127071509,0.00386900178398722,0.000258568856484097,TRUE,"KDE"
2014,"winter",0.000259262821867903,0.00408046563397168,0.000200328233053746,TRUE,"EGPD"
2014,"spring",0.000167132210895094,0.00273412637165896,0.000134117897583284,TRUE,"EGPD"
2014,"summer",0.000195111382772073,0.00415637635568243,0.000149252050524672,TRUE,"EGPD"
2014,"autumn",0.000183581013366863,0.00329128853839479,0.000157087435116149,TRUE,"EGPD"
2015,"winter",0.000189649020606052,0.00389739793495307,0.000294870866233203,TRUE,"KDE"
2015,"spring",0.000206883512257651,0.00377061297156795,0.000229589460378501,TRUE,"KDE"
2015,"summer",0.000250236333708971,0.00462883652625069,0.000438214102688036,TRUE,"KDE"
2015,"autumn",0.00016534557636116,0.00502592824104331,0.000431644797591591,TRUE,"KDE"
2016,"winter",0.000285252468384478,0.00390487745042629,0.000282825163483297,TRUE,"EGPD"
2016,"spring",0.00025088310724249,0.00363177809652662,0.000340414707678309,TRUE,"KDE"
2016,"summer",0.000159290824411844,0.00362434544889401,0.000113004652253005,TRUE,"EGPD"
2016,"autumn",0.000336259679603775,0.00354570068360247,0.000175514828063079,TRUE,"EGPD"
2017,"winter",0.00016383258676116,0.00581439738962783,0.000394628371700134,TRUE,"KDE"
2017,"spring",0.000243866713250065,0.0039687950563368,0.000203957882784523,TRUE,"EGPD"
2017,"summer",8.99142382768112e-05,0.00462123708997248,0.000144717526072574,TRUE,"KDE"
2017,"autumn",8.36159996039701e-05,0.00564125597138685,0.000227214641964308,TRUE,"KDE"
2018,"winter",0.000125625524901319,0.00349756637377173,0.000135119047619048,TRUE,"KDE"
2018,"spring",0.000256413653817082,0.00349260604081633,0.000182335451751071,TRUE,"EGPD"
2018,"summer",0.000119326419421914,0.00441270523483754,0.000145203032491548,TRUE,"KDE"
2018,"autumn",0.00010638503440692,0.00403089652133002,0.000159460018252106,TRUE,"KDE"
2019,"winter",0.000243260790574491,0.00608709388381476,0.000323251483874161,TRUE,"KDE"
2019,"spring",0.000131334805098308,0.00662270583276177,0.000269880556031855,TRUE,"KDE"
2019,"summer",0.000128281824007512,0.00488396861854336,0.000154357809515954,TRUE,"KDE"
2019,"autumn",0.000209213080468892,0.00577686710890491,0.000324197781820814,TRUE,"KDE"
2020,"winter",0.000242883012132167,0.00451800283299502,0.00028868227939087,TRUE,"KDE"
2020,"spring",0.000243303346840788,0.00435312875999561,0.000321859709420926,TRUE,"KDE"
2020,"summer",0.000152927742511406,0.00406966466640217,0.00014689295003196,TRUE,"EGPD"
2020,"autumn",0.000101556406348285,0.0060897900840309,0.00020057696650054,TRUE,"KDE"
2021,"winter",0.000313283060167471,0.00547198967959833,0.000345812109510654,TRUE,"KDE"
2021,"spring",7.53224489795918e-05,0.00424866325270849,0.000260924590576972,TRUE,"KDE"
2021,"summer",0.000117699722601264,0.00319838675578138,7.00906483409939e-05,TRUE,"EGPD"
2021,"autumn",0.000147075139033665,0.00538256846947469,0.000589834285614932,TRUE,"KDE"
2022,"winter",0.000242079258633834,0.00440793075895356,0.000554071701771355,TRUE,"KDE"
2022,"spring",0.000124635039200866,0.0043951239406438,9.9990880883944e-05,TRUE,"EGPD"
2022,"summer",0.000220852150607809,0.00664305374996737,0.000306620635044944,TRUE,"KDE"
2022,"autumn",0.000342431386052137,0.00522032255694034,0.000496887702398549,TRUE,"KDE"
