"year","season","mse_kde","mse_lognormal","winner"
2000,"winter",0.00030788538611451,0.00783163468199859,"KDE"
2000,"spring",0.000215404371875035,0.00681089971029407,"KDE"
2000,"summer",0.000244044583767103,0.0109517455430175,"KDE"
2000,"autumn",0.000323377430481365,0.00550000910839107,"KDE"
2001,"winter",0.000299703769729572,0.00576248691645295,"KDE"
2001,"spring",0.000222031954340556,0.00724563244538652,"KDE"
2001,"summer",0.000252080243438535,0.0124082734930464,"KDE"
2001,"autumn",0.000353011968988337,0.00975078079819131,"KDE"
2002,"winter",0.000308834912741603,0.00758133861366527,"KDE"
2002,"spring",0.000228849425621637,0.00616233744588987,"KDE"
2002,"summer",0.000229602426940809,0.00969103253039486,"KDE"
2002,"autumn",0.000325277497575642,0.00622679460939822,"KDE"
2003,"winter",0.000314613748670795,0.0066464169585705,"KDE"
2003,"spring",0.000205208610641939,0.00754272334761356,"KDE"
2003,"summer",0.000245887065014674,0.0130005275079877,"KDE"
2003,"autumn",0.000345633691583142,0.00756038106508876,"KDE"
2004,"winter",0.000315181258168321,0.00625025634579942,"KDE"
2004,"spring",0.00021273096777441,0.00711070108276194,"KDE"
2004,"summer",0.000235846038994901,0.0127063535829241,"KDE"
2004,"autumn",0.000330459595567545,0.00844308251178948,"KDE"
2005,"winter",0.000328151662464944,0.00745922639765241,"KDE"
2005,"spring",0.0002134769186027,0.00596505671077505,"KDE"
2005,"summer",0.000271431567426383,0.00984399655153183,"KDE"
2005,"autumn",0.000348816353083929,0.00752505214196258,"KDE"
2006,"winter",0.000323191681783115,0.00696266690644482,"KDE"
2006,"spring",0.000203383575127795,0.00734697282468876,"KDE"
2006,"summer",0.000241437427239121,0.0121205774581794,"KDE"
2006,"autumn",0.000334895811096664,0.00800619561314988,"KDE"
2007,"winter",0.000328890009591126,0.00638500325785534,"KDE"
2007,"spring",0.000201566914799611,0.00661797387613114,"KDE"
2007,"summer",0.000252580684769338,0.0134592762869832,"KDE"
2007,"autumn",0.000362188624562251,0.00973389815239705,"KDE"
2008,"winter",0.000286274901848128,0.00716901610648281,"KDE"
2008,"spring",0.000241645717050145,0.00506808369033903,"KDE"
2008,"summer",0.000232168271913719,0.0129023059694372,"KDE"
2008,"autumn",0.000333119519989692,0.00695295373847169,"KDE"
2009,"winter",0.000325407727111611,0.00632482149559017,"KDE"
2009,"spring",0.000236882403440677,0.00683366251496068,"KDE"
2009,"summer",0.000250563414246266,0.0123881437638248,"KDE"
2009,"autumn",0.000352518753441626,0.00760552991616108,"KDE"
2010,"winter",0.000319328365714286,0.00541749921959184,"KDE"
2010,"spring",0.00023595928736815,0.00581014743962595,"KDE"
2010,"summer",0.00023334752851711,0.0141052294640663,"KDE"
2010,"autumn",0.000342993265927924,0.00697897936113645,"KDE"
2011,"winter",0.000299478065511561,0.00667094185901045,"KDE"
2011,"spring",0.000225164567510431,0.00708116250097874,"KDE"
2011,"summer",0.000240654708012675,0.0113726178273482,"KDE"
2011,"autumn",0.000348342074365891,0.00695492902055153,"KDE"
2012,"winter",0.000338339251173035,0.00717625494589677,"KDE"
2012,"spring",0.000222189446986052,0.00767626614914822,"KDE"
2012,"summer",0.000229991680919096,0.0118194768738846,"KDE"
2012,"autumn",0.000339349833584297,0.00694522776778796,"KDE"
2013,"winter",0.000296996284081633,0.00690722021877551,"KDE"
2013,"spring",0.00022136235892216,0.00669071133152873,"KDE"
2013,"summer",0.000248954670444853,0.0125264811577441,"KDE"
2013,"autumn",0.000344571728579714,0.00793337749152956,"KDE"
2014,"winter",0.000336381204897959,0.00451955137306122,"KDE"
2014,"spring",0.000216243875907428,0.00643596040592387,"KDE"
2014,"summer",0.00022899647020003,0.0115094239385039,"KDE"
2014,"autumn",0.000357772107078538,0.00562653142455969,"KDE"
2015,"winter",0.000310580670161126,0.00692448863428096,"KDE"
2015,"spring",0.000237638672945493,0.00605988527812888,"KDE"
2015,"summer",0.000258922543213754,0.0112508106216683,"KDE"
2015,"autumn",0.000305372463162156,0.010634158215059,"KDE"
2016,"winter",0.000300120782661432,0.00591153849787737,"KDE"
2016,"spring",0.000215016079238487,0.0067463962511605,"KDE"
2016,"summer",0.000225300185428583,0.0117582186753987,"KDE"
2016,"autumn",0.000375068380086078,0.00734236273618021,"KDE"
2017,"winter",0.000333585517399554,0.00710020315985905,"KDE"
2017,"spring",0.000222058534020872,0.00722947718705607,"KDE"
2017,"summer",0.000228929945676777,0.0127706910043329,"KDE"
2017,"autumn",0.000358442357701488,0.00898099686584254,"KDE"
2018,"winter",0.00029498507611183,0.00529073124433809,"KDE"
2018,"spring",0.000244136782586325,0.00640979776512567,"KDE"
2018,"summer",0.000238124998192832,0.012376952993393,"KDE"
2018,"autumn",0.000360825889702693,0.00651056878596943,"KDE"
2019,"winter",0.000307506259591837,0.00767832479346939,"KDE"
2019,"spring",0.00022130381651212,0.00718049946309325,"KDE"
2019,"summer",0.000249694782344692,0.0121878625858405,"KDE"
2019,"autumn",0.000325915432559001,0.0050276972013898,"KDE"
2020,"winter",0.000298643071914201,0.00658679996169683,"KDE"
2020,"spring",0.000235813217972953,0.0063445325695462,"KDE"
2020,"summer",0.000241673919152672,0.0129236190283356,"KDE"
2020,"autumn",0.000331526127021719,0.00766831157502838,"KDE"
2021,"winter",0.000301738135510204,0.00621788768653061,"KDE"
2021,"spring",0.000223309456829342,0.00687854418574736,"KDE"
2021,"summer",0.000244949713712076,0.0108115457921252,"KDE"
2021,"autumn",0.000365697350035902,0.00825952058549555,"KDE"
2022,"winter",0.000295497617856175,0.00824926109234586,"KDE"
2022,"spring",0.000225309895862462,0.00746963818917014,"KDE"
2022,"summer",0.000263809404477047,0.0121553285839007,"KDE"
2022,"autumn",0.000336386743387219,0.00786228776514196,"KDE"
