"year","season","mse_kde","mse_rayleigh","winner"
2000,"winter",7.58791128894371e-05,0.00111878395187562,"KDE"
2000,"spring",7.67248589377539e-05,0.000671238832944422,"KDE"
2000,"summer",8.79334470288485e-05,0.000278990408839305,"KDE"
2000,"autumn",6.40068674755727e-05,0.00122722972783257,"KDE"
2001,"winter",9.21155499544913e-05,0.000965992685943663,"KDE"
2001,"spring",5.61384187806647e-05,0.00181738233943561,"KDE"
2001,"summer",7.6154034791185e-05,0.000175266999832047,"KDE"
2001,"autumn",8.10730693100497e-05,0.000364049897629324,"KDE"
2002,"winter",8.195937361432e-05,0.000589187574972578,"KDE"
2002,"spring",6.32858837697121e-05,0.000392678047534135,"KDE"
2002,"summer",8.02849653910614e-05,0.000497367755261023,"KDE"
2002,"autumn",6.48815689182129e-05,0.000603832121678774,"KDE"
2003,"winter",8.20825316810194e-05,0.000411291288011389,"KDE"
2003,"spring",8.31526205952666e-05,0.000514656376299398,"KDE"
2003,"summer",9.39838872788476e-05,0.000325996016487934,"KDE"
2003,"autumn",7.73485663882224e-05,0.000143395218379742,"KDE"
2004,"winter",6.7386622393166e-05,0.00119511018572819,"KDE"
2004,"spring",7.4438739319828e-05,0.000324349818289672,"KDE"
2004,"summer",7.35464290436355e-05,0.000334758009905625,"KDE"
2004,"autumn",5.64719154627545e-05,0.000966865900463607,"KDE"
2005,"winter",7.46600154029265e-05,0.000235152465635137,"KDE"
2005,"spring",6.89691288981958e-05,0.00127929814162328,"KDE"
2005,"summer",8.29345011988951e-05,6.86246386340815e-05,"Rayleigh"
2005,"autumn",7.42522580558269e-05,0.000747864291341306,"KDE"
2006,"winter",8.03132441830614e-05,0.000435188695185419,"KDE"
2006,"spring",6.25134049335159e-05,0.000570084820487348,"KDE"
2006,"summer",8.58616544752199e-05,0.000105473201746706,"KDE"
2006,"autumn",7.18126286767098e-05,0.00113689916265832,"KDE"
2007,"winter",7.72022730985554e-05,0.000856631879390418,"KDE"
2007,"spring",7.81854830064215e-05,9.76536452842864e-05,"KDE"
2007,"summer",5.83910372318566e-05,0.00030352429593948,"KDE"
2007,"autumn",6.41178282030813e-05,0.000457150056989273,"KDE"
2008,"winter",8.66429791567414e-05,0.000297435092380147,"KDE"
2008,"spring",5.81802255566554e-05,0.000760947028848525,"KDE"
2008,"summer",5.25206903205749e-05,0.000509601394184555,"KDE"
2008,"autumn",5.2278559638081e-05,0.000744994214327603,"KDE"
2009,"winter",5.35052720016803e-05,0.00137618996942752,"KDE"
2009,"spring",5.05346786210741e-05,0.000988564765348895,"KDE"
2009,"summer",7.73455104863119e-05,0.000133693905646421,"KDE"
2009,"autumn",7.2560015650649e-05,0.000631068935219416,"KDE"
2010,"winter",8.37832201451609e-05,0.00210990624752036,"KDE"
2010,"spring",7.62746702591829e-05,0.000884640344874411,"KDE"
2010,"summer",8.01159140368995e-05,0.000263026906350392,"KDE"
2010,"autumn",6.1336117091326e-05,0.000690233424316808,"KDE"
2011,"winter",5.06707741137482e-05,0.000656968774067073,"KDE"
2011,"spring",8.54421751994883e-05,0.000109830988847238,"KDE"
2011,"summer",6.18904529715088e-05,0.000692916982322104,"KDE"
2011,"autumn",7.91161264004489e-05,0.00102087241867586,"KDE"
2012,"winter",5.45155478103815e-05,0.000312776892191089,"KDE"
2012,"spring",6.24190299134151e-05,0.000605166331059423,"KDE"
2012,"summer",7.22422956250156e-05,0.000254226962811025,"KDE"
2012,"autumn",8.2931163852662e-05,0.000360650268944168,"KDE"
2013,"winter",7.54832924922402e-05,0.00130802181614507,"KDE"
2013,"spring",6.68689228883545e-05,0.00206002376796109,"KDE"
2013,"summer",7.88610809352454e-05,0.00037188390907694,"KDE"
2013,"autumn",4.74005655326414e-05,0.0013125424018222,"KDE"
2014,"winter",5.44432822236225e-05,0.00381202427127821,"KDE"
2014,"spring",7.52617691832147e-05,0.00082731824053659,"KDE"
2014,"summer",7.51801469405841e-05,0.000570107677216705,"KDE"
2014,"autumn",6.11509162226876e-05,0.000196694430437134,"KDE"
2015,"winter",7.57127774277112e-05,0.000221906387546967,"KDE"
2015,"spring",6.93645811371458e-05,0.000303259002433525,"KDE"
2015,"summer",7.59601211044843e-05,0.000180485543576531,"KDE"
2015,"autumn",6.64218749322304e-05,0.000156195367398758,"KDE"
2016,"winter",7.13335626753022e-05,0.000799610062344644,"KDE"
2016,"spring",5.8760202221976e-05,0.00185076304937447,"KDE"
2016,"summer",7.86445919289883e-05,0.000173434383274788,"KDE"
2016,"autumn",8.20050910264666e-05,0.000112403262621589,"KDE"
2017,"winter",5.73789960092418e-05,0.00320000772480105,"KDE"
2017,"spring",7.31265477539031e-05,0.000113085265382842,"KDE"
2017,"summer",6.61500057175325e-05,0.000488126378014658,"KDE"
2017,"autumn",9.51792942096023e-05,0.000235539071950298,"KDE"
2018,"winter",6.59012392354547e-05,0.000136694830684497,"KDE"
2018,"spring",7.31924065808799e-05,0.00232881994596932,"KDE"
2018,"summer",7.29897513230728e-05,0.00013837356749011,"KDE"
2018,"autumn",8.35837703500098e-05,0.000105836564399476,"KDE"
2019,"winter",8.97590903479006e-05,0.000452164146298576,"KDE"
2019,"spring",5.91382785224467e-05,0.000442356355930689,"KDE"
2019,"summer",6.33798344417009e-05,0.000163614123734549,"KDE"
2019,"autumn",6.4798279889578e-05,0.00133774785882183,"KDE"
2020,"winter",7.39174446526074e-05,0.000340543978757485,"KDE"
2020,"spring",5.71273240876069e-05,0.000307858690291987,"KDE"
2020,"summer",7.23102270575077e-05,0.000367947941866989,"KDE"
2020,"autumn",7.68118924844241e-05,0.00010734267456717,"KDE"
2021,"winter",7.64136899344208e-05,0.00110552221055334,"KDE"
2021,"spring",8.01625297937043e-05,0.000288253182164157,"KDE"
2021,"summer",7.19810713941131e-05,0.000122953838072334,"KDE"
2021,"autumn",8.071499451337e-05,0.000674294334013065,"KDE"
2022,"winter",8.68259235921492e-05,0.0012702905038624,"KDE"
2022,"spring",7.21024304873125e-05,0.000120944983043943,"KDE"
2022,"summer",6.20238099492212e-05,0.00039429912432417,"KDE"
2022,"autumn",7.30193539815675e-05,0.000277399536004825,"KDE"
